{
  "Total" : {
    "transaction" : "Total",
    "sampleCount" : 9999,
    "errorCount" : 5,
    "errorPct" : 0.050005,
    "meanResTime" : 609.1790179017917,
    "medianResTime" : 304.0,
    "minResTime" : 276.0,
    "maxResTime" : 11211.0,
    "pct1ResTime" : 1178.0,
    "pct2ResTime" : 1193.0,
    "pct3ResTime" : 1274.0,
    "throughput" : 6.627186776114556,
    "receivedKBytesPerSec" : 5.571903028554432,
    "sentKBytesPerSec" : 2.0505524467949376
  },
  "search_booking" : {
    "transaction" : "search_booking",
    "sampleCount" : 3333,
    "errorCount" : 5,
    "errorPct" : 0.150015,
    "meanResTime" : 317.7593759375935,
    "medianResTime" : 296.0,
    "minResTime" : 277.0,
    "maxResTime" : 6287.0,
    "pct1ResTime" : 336.0,
    "pct2ResTime" : 375.0,
    "pct3ResTime" : 772.9599999999991,
    "throughput" : 2.2140486134130293,
    "receivedKBytesPerSec" : 1.9198538627442645,
    "sentKBytesPerSec" : 0.49212519251694087
  },
  "create_booking" : {
    "transaction" : "create_booking",
    "sampleCount" : 3333,
    "errorCount" : 0,
    "errorPct" : 0.0,
    "meanResTime" : 316.9237923792375,
    "medianResTime" : 291.0,
    "minResTime" : 276.0,
    "maxResTime" : 3311.0,
    "pct1ResTime" : 328.0,
    "pct2ResTime" : 371.0,
    "pct3ResTime" : 792.619999999999,
    "throughput" : 2.2155115053047973,
    "receivedKBytesPerSec" : 1.9855995543136002,
    "sentKBytesPerSec" : 0.932321624070306
  },
  "login" : {
    "transaction" : "login",
    "sampleCount" : 3333,
    "errorCount" : 0,
    "errorPct" : 0.0,
    "meanResTime" : 1192.8538853885404,
    "medianResTime" : 1165.0,
    "minResTime" : 1113.0,
    "maxResTime" : 11211.0,
    "pct1ResTime" : 1206.0,
    "pct2ResTime" : 1232.0,
    "pct3ResTime" : 1766.1799999999967,
    "throughput" : 2.2187325465364673,
    "receivedKBytesPerSec" : 1.6838925833555782,
    "sentKBytesPerSec" : 0.6326854527232895
  }
}