{
  "sendmoney" : {
    "transaction" : "sendmoney",
    "sampleCount" : 10,
    "errorCount" : 0,
    "errorPct" : 0.0,
    "meanResTime" : 69.80000000000001,
    "medianResTime" : 69.0,
    "minResTime" : 26.0,
    "maxResTime" : 116.0,
    "pct1ResTime" : 115.5,
    "pct2ResTime" : 116.0,
    "pct3ResTime" : 116.0,
    "throughput" : 13.94700139470014,
    "receivedKBytesPerSec" : 5.717725767085077,
    "sentKBytesPerSec" : 7.391638336820084
  },
  "Total" : {
    "transaction" : "Total",
    "sampleCount" : 28,
    "errorCount" : 0,
    "errorPct" : 0.0,
    "meanResTime" : 95.82142857142858,
    "medianResTime" : 107.0,
    "minResTime" : 26.0,
    "maxResTime" : 223.0,
    "pct1ResTime" : 149.3,
    "pct2ResTime" : 191.04999999999978,
    "pct3ResTime" : 223.0,
    "throughput" : 19.112627986348123,
    "receivedKBytesPerSec" : 8.375773250853241,
    "sentKBytesPerSec" : 9.65896970989761
  },
  "deposit" : {
    "transaction" : "deposit",
    "sampleCount" : 10,
    "errorCount" : 0,
    "errorPct" : 0.0,
    "meanResTime" : 124.1,
    "medianResTime" : 127.5,
    "minResTime" : 34.0,
    "maxResTime" : 223.0,
    "pct1ResTime" : 215.90000000000003,
    "pct2ResTime" : 223.0,
    "pct3ResTime" : 223.0,
    "throughput" : 7.9113924050632916,
    "receivedKBytesPerSec" : 3.4241495253164556,
    "sentKBytesPerSec" : 4.177431517009493
  },
  "payment" : {
    "transaction" : "payment",
    "sampleCount" : 5,
    "errorCount" : 0,
    "errorPct" : 0.0,
    "meanResTime" : 77.6,
    "medianResTime" : 68.0,
    "minResTime" : 63.0,
    "maxResTime" : 120.0,
    "pct1ResTime" : 120.0,
    "pct2ResTime" : 120.0,
    "pct3ResTime" : 120.0,
    "throughput" : 12.594458438287154,
    "receivedKBytesPerSec" : 5.170615554156171,
    "sentKBytesPerSec" : 6.646528652392947
  },
  "login" : {
    "transaction" : "login",
    "sampleCount" : 3,
    "errorCount" : 0,
    "errorPct" : 0.0,
    "meanResTime" : 118.66666666666667,
    "medianResTime" : 119.0,
    "minResTime" : 118.0,
    "maxResTime" : 119.0,
    "pct1ResTime" : 119.0,
    "pct2ResTime" : 119.0,
    "pct3ResTime" : 119.0,
    "throughput" : 25.210084033613445,
    "receivedKBytesPerSec" : 15.042345063025211,
    "sentKBytesPerSec" : 7.828912815126051
  }
}